{
	"content" : 
	{
		"images" : 
		[
			[
				0,
				{
					"pos" : 
					[
						0.81005859375,
						1.0
					],
					"size" : 
					[
						0.029296875,
						-0.0439453125
					],
					"texture" : 1
				}
			],
			[
				1,
				{
					"pos" : 
					[
						0.8232421875,
						0.95556640625
					],
					"size" : 
					[
						0.01171875,
						-0.015625
					],
					"texture" : 1
				}
			],
			[
				2,
				{
					"pos" : 
					[
						0.921875,
						1.0
					],
					"size" : 
					[
						0.02783203125,
						-0.03857421875
					],
					"texture" : 1
				}
			],
			[
				3,
				{
					"pos" : 
					[
						0.81005859375,
						0.95556640625
					],
					"size" : 
					[
						0.0126953125,
						-0.01513671875
					],
					"texture" : 1
				}
			],
			[
				4,
				{
					"pos" : 
					[
						0.8955078125,
						1.0
					],
					"size" : 
					[
						0.02587890625,
						-0.04150390625
					],
					"texture" : 1
				}
			],
			[
				5,
				{
					"pos" : 
					[
						0.83544921875,
						0.9541015625
					],
					"size" : 
					[
						0.01025390625,
						-0.017578125
					],
					"texture" : 1
				}
			],
			[
				6,
				{
					"pos" : 
					[
						0.83984375,
						1.0
					],
					"size" : 
					[
						0.0283203125,
						-0.04541015625
					],
					"texture" : 1
				}
			],
			[
				7,
				{
					"pos" : 
					[
						0.9072265625,
						0.9580078125
					],
					"size" : 
					[
						0.0107421875,
						-0.01904296875
					],
					"texture" : 1
				}
			],
			[
				8,
				{
					"pos" : 
					[
						0.921875,
						0.9609375
					],
					"size" : 
					[
						0.0263671875,
						-0.03857421875
					],
					"texture" : 1
				}
			],
			[
				9,
				{
					"pos" : 
					[
						0.0,
						1.0
					],
					"size" : 
					[
						0.8095703125,
						-0.52685546875
					],
					"texture" : 1
				}
			],
			[
				10,
				{
					"pos" : 
					[
						0.98046875,
						0.97998046875
					],
					"size" : 
					[
						0.0126953125,
						-0.017578125
					],
					"texture" : 1
				}
			],
			[
				11,
				{
					"pos" : 
					[
						0.86865234375,
						1.0
					],
					"size" : 
					[
						0.0263671875,
						-0.041015625
					],
					"texture" : 1
				}
			],
			[
				12,
				{
					"pos" : 
					[
						0.98046875,
						1.0
					],
					"size" : 
					[
						0.0146484375,
						-0.01953125
					],
					"texture" : 1
				}
			],
			[
				13,
				{
					"pos" : 
					[
						0.9501953125,
						0.9638671875
					],
					"size" : 
					[
						0.0263671875,
						-0.0400390625
					],
					"texture" : 1
				}
			],
			[
				14,
				{
					"pos" : 
					[
						0.97705078125,
						0.9619140625
					],
					"size" : 
					[
						0.01220703125,
						-0.01708984375
					],
					"texture" : 1
				}
			],
			[
				15,
				{
					"pos" : 
					[
						0.86865234375,
						0.95849609375
					],
					"size" : 
					[
						0.025390625,
						-0.03515625
					],
					"texture" : 1
				}
			],
			[
				16,
				{
					"pos" : 
					[
						0.89453125,
						0.9580078125
					],
					"size" : 
					[
						0.01220703125,
						-0.01708984375
					],
					"texture" : 1
				}
			],
			[
				17,
				{
					"pos" : 
					[
						0.9501953125,
						1.0
					],
					"size" : 
					[
						0.02978515625,
						-0.03564453125
					],
					"texture" : 1
				}
			],
			[
				18,
				{
					"pos" : 
					[
						0.0,
						0.47265625
					],
					"size" : 
					[
						0.19677734375,
						-0.08544921875
					],
					"texture" : 1
				}
			]
		],
		"textures" : 
		[
			[
				1,
				{
					"mipmap" : false,
					"purpose" : 11,
					"source" : 0,
					"urls" : 
					[
						"Content/wofh1_4/preload.png",
						null,
						null,
						null
					]
				}
			]
		]
	},
	"hotKeys" : 
	[
		[
			0,
			{
				"keys" : 
				[
					16777216
				]
			}
		],
		[
			1,
			{
				"keys" : 
				[
					16777217
				]
			}
		],
		[
			2,
			{
				"keys" : 
				[
					87
				]
			}
		],
		[
			3,
			{
				"keys" : 
				[
					83
				]
			}
		],
		[
			4,
			{
				"keys" : 
				[
					65
				]
			}
		],
		[
			5,
			{
				"keys" : 
				[
					68
				]
			}
		],
		[
			6,
			{
				"keys" : 
				[
					256
				]
			}
		],
		[
			7,
			{
				"keys" : 
				[
					258
				]
			}
		],
		[
			8,
			{
				"keys" : 
				[
					263
				]
			}
		],
		[
			9,
			{
				"keys" : 
				[
					262
				]
			}
		],
		[
			10,
			{
				"keys" : 
				[
					264
				]
			}
		],
		[
			11,
			{
				"keys" : 
				[
					265
				]
			}
		],
		[
			12,
			{
				"keys" : 
				[
					257
				]
			}
		],
		[
			13,
			{
				"keys" : 
				[
					335
				]
			}
		],
		[
			14,
			{
				"keys" : 
				[
					259
				]
			}
		],
		[
			15,
			{
				"keys" : 
				[
					261
				]
			}
		],
		[
			16,
			{
				"keys" : 
				[
					266
				]
			}
		],
		[
			17,
			{
				"keys" : 
				[
					267
				]
			}
		],
		[
			18,
			{
				"keys" : 
				[
					268
				]
			}
		],
		[
			19,
			{
				"keys" : 
				[
					269
				]
			}
		],
		[
			20,
			{
				"keys" : 
				[
					290
				]
			}
		],
		[
			21,
			{
				"keys" : 
				[
					296
				]
			}
		],
		[
			22,
			{
				"keys" : 
				[
					297
				]
			}
		],
		[
			23,
			{
				"keys" : 
				[
					300
				]
			}
		],
		[
			24,
			{
				"keys" : 
				[
					301
				]
			}
		],
		[
			25,
			{
				"keys" : 
				[
					341,
					67
				]
			}
		],
		[
			26,
			{
				"keys" : 
				[
					341,
					86
				]
			}
		],
		[
			27,
			{
				"keys" : 
				[
					345,
					67
				]
			}
		],
		[
			28,
			{
				"keys" : 
				[
					345,
					86
				]
			}
		]
	],
	"widgets" : 
	{
		"nodes" : 
		[
			[
				0,
				{
					"bounds" : 
					{
						"horizontalAlign" : 2,
						"size" : 
						[
							800,
							600
						],
						"verticalAlign" : 2
					},
					"eventTransparent" : true,
					"nodes" : 
					[
						1,
						2,
						3,
						4,
						5
					],
					"type" : 14,
					"visible" : false,
					"widget" : null
				}
			],
			[
				1,
				{
					"bounds" : 
					{
						"horizontalAlign" : 3,
						"size" : 
						[
							800,
							600
						],
						"verticalAlign" : 3
					},
					"eventTransparent" : true,
					"type" : 6,
					"widget" : 
					{
						"color" : 4278190080
					}
				}
			],
			[
				2,
				{
					"bounds" : 
					{
						"horizontalAlign" : 2,
						"position" : 
						[
							-429,
							0
						],
						"size" : 
						[
							1658,
							1080
						],
						"verticalAlign" : 1
					},
					"eventTransparent" : true,
					"type" : 7,
					"widget" : 
					{
						"set" : 
						{
							"normal" : 9
						}
					}
				}
			],
			[
				3,
				{
					"bounds" : 
					{
						"horizontalAlign" : 2,
						"position" : 
						[
							180,
							0
						],
						"size" : 
						[
							439,
							166
						]
					},
					"eventTransparent" : true,
					"type" : 7,
					"widget" : 
					{
						"set" : 
						{
							"normal" : 18
						}
					}
				}
			],
			[
				4,
				{
					"bounds" : 
					{
						"bottom" : 40,
						"horizontalAlign" : 2,
						"position" : 
						[
							0,
							530
						],
						"size" : 
						[
							800,
							30
						],
						"verticalAlign" : 3
					},
					"eventTransparent" : true,
					"type" : 1,